generacion,mejor,media,peor,mediana,piezas_mejor,neuronas_mejor,sin_movimiento,inestables,invalidas,no_asentadas,rechazadas,piezas_media,segundos
0,1.0217,0.2365,-0.2548,0.1653,9,12,10,0,0,1,58,8.4850,17.5855
1,1.6126,0.4296,-0.3537,0.4906,9,12,25,0,0,2,49,7.8350,16.0345
2,1.6126,0.5193,-0.2567,0.7155,9,12,18,0,0,0,52,7.8550,14.9761
3,1.8545,0.6310,-0.5919,0.7435,5,4,17,0,0,4,59,8.6500,17.2684
4,2.5466,0.7760,-0.3444,0.9115,8,12,10,0,0,6,72,9.1900,17.2018
5,2.5466,0.9507,-0.9940,1.2926,8,12,14,0,0,4,54,8.4400,16.0560
6,2.5466,1.1628,-0.6848,1.6126,8,12,19,0,0,1,50,7.2500,14.6414
7,2.8571,1.2262,-0.2276,1.6674,5,3,22,0,0,2,33,6.2500,13.1757
8,3.1952,1.1967,-0.3834,0.9919,8,12,31,0,0,1,48,6.3600,13.0612
9,3.1952,1.3025,-0.7076,1.0381,8,12,25,0,0,1,46,7.7300,15.3185
10,3.1952,1.4152,-0.5782,1.4422,8,12,24,0,0,0,45,7.6300,14.7287
11,3.1952,1.4209,-0.3275,1.2750,8,12,27,0,0,0,50,7.0000,13.8138
12,4.2151,1.4631,-0.2604,1.0260,7,2,28,0,0,2,35,7.1600,13.7167
13,4.3058,1.4920,-0.4791,0.8231,7,2,22,0,0,4,50,7.3700,14.1800
14,4.5154,1.5342,-0.7352,0.7970,7,2,23,0,0,5,53,8.0850,14.2462
15,4.8393,2.1231,-0.3275,3.0290,7,2,23,0,0,4,56,7.8350,14.3465
16,5.7468,2.7422,-0.6057,3.8841,7,2,17,0,0,0,58,6.7400,12.3978
17,5.7468,2.7607,-0.3734,4.1600,7,2,25,0,0,0,46,6.9750,12.8096
18,7.1097,2.8119,-0.6133,3.9437,7,2,23,0,0,1,55,6.9700,12.7309
19,7.1097,3.0018,-0.6180,4.6764,7,2,26,0,0,4,73,6.9450,12.4073
20,7.1097,3.3028,-0.5370,5.2139,7,2,22,0,0,1,70,6.8000,12.2106
21,7.3037,3.8553,-0.5275,5.2783,7,2,15,0,0,3,114,7.6600,13.6994
22,8.1865,4.5482,-1.0168,6.0588,9,2,20,0,0,2,69,7.8900,13.4930
23,8.1865,4.4525,-0.7587,5.6144,9,2,18,0,0,5,118,7.5000,12.5739
24,8.2339,4.5367,-0.7877,6.9342,9,2,13,0,0,3,109,7.6450,13.6407
25,8.3678,4.3981,-1.2540,6.5336,9,2,27,0,0,4,132,8.0150,13.3228
26,8.4369,4.5333,-0.7172,6.2390,9,2,15,0,0,4,128,8.2450,14.5356
27,8.5878,5.1739,-0.7906,7.6045,9,2,19,0,0,1,76,8.4050,13.7142
28,8.6149,5.2350,-0.6280,7.5421,9,2,13,0,0,2,58,8.9450,14.7333
29,8.6149,5.3957,-0.6133,7.3026,9,2,13,0,0,1,64,8.9950,14.8927
30,8.6226,5.4283,-0.8557,8.1865,9,2,10,0,0,0,42,8.5200,14.4642
31,8.6499,5.7777,-0.6245,8.1865,9,2,14,0,0,0,49,8.7200,15.4480
32,8.6505,5.3256,-0.4797,7.7714,9,2,11,0,0,2,57,9.0600,17.4260
33,8.6590,5.0302,-1.2886,7.6183,9,4,7,0,0,2,44,8.8700,15.3503
34,8.7082,5.6506,-0.6035,7.8838,9,4,7,0,0,1,62,8.9800,15.9149
35,8.7252,5.8063,-0.8547,8.4352,9,2,7,0,0,3,50,8.8550,14.8903
36,8.7252,5.8984,-0.6035,8.5018,9,2,10,0,0,0,54,8.7900,15.1611
37,8.7536,5.6298,-1.2815,8.0505,9,2,8,0,0,0,39,8.8000,15.5983
38,8.7536,5.3971,-1.5206,8.1355,9,2,10,0,0,2,52,8.6250,14.8268
39,8.7536,5.8195,-0.7395,8.5117,9,2,7,0,0,0,56,8.5650,15.1236
40,8.7536,5.5699,-1.4103,8.1770,9,2,6,0,0,2,44,8.7300,16.0910
41,8.9982,5.7516,-0.6727,8.5280,13,4,10,0,0,2,41,8.6600,14.3512
42,9.3639,5.9050,-0.6035,8.5109,11,4,5,0,0,2,43,8.9650,15.0367
43,9.4211,5.4027,-0.6035,7.8111,13,4,11,0,0,2,51,9.0450,16.3345
44,9.4211,5.4536,-0.7415,7.9911,13,4,5,0,0,5,50,9.7000,16.3555
45,9.4776,5.6596,-0.6035,8.4837,11,2,10,0,0,6,56,10.3250,17.2760
46,9.5061,6.0651,-0.6509,8.8510,11,4,7,0,0,6,44,10.5400,17.3965
47,9.5387,5.7844,-0.7004,8.4128,11,4,12,0,0,5,49,10.1850,17.0421
48,9.5387,5.0166,-0.6035,5.8901,11,4,11,0,0,13,49,10.6450,16.4330
49,9.5387,5.9331,-0.6035,8.5525,11,4,6,0,0,8,36,10.4300,16.7083
50,9.5387,5.5704,-0.8883,7.9400,11,4,6,0,0,10,38,10.6500,16.3450
51,9.5387,5.9654,-0.5462,8.7813,11,4,9,0,0,9,46,10.4600,16.4502
52,9.5387,5.5572,-1.2679,7.2554,11,4,10,0,0,1,70,10.3650,16.3221
53,9.5387,5.5592,-0.8396,7.9346,11,4,10,0,0,8,31,10.3150,16.5510
54,9.5387,5.7641,-0.6035,7.2554,11,4,7,0,0,4,48,10.2350,16.3398
55,9.5387,6.1532,-0.6035,8.9043,11,4,7,0,0,5,41,10.1950,16.5462
56,9.5387,5.8065,-0.8115,8.1176,11,4,8,0,0,4,38,10.4000,16.5014
57,9.5454,5.8785,-0.6035,8.9131,11,4,5,0,0,5,50,10.2000,16.7130
58,9.5454,5.5885,-0.6959,7.2854,11,4,9,0,0,5,34,10.0500,15.9262
59,9.5808,6.0523,-0.6035,9.1089,11,4,9,0,0,7,39,10.3400,16.0969
