generacion,mejor,media,peor,mediana,neuronas_mejor,sin_movimiento,inestables,segundos
0,1.3179,0.0282,0.0000,0.0067,2,210,0,3.6756
1,2.7083,0.2506,0.0000,0.0453,3,91,0,5.1624
2,2.7083,0.5706,0.0000,0.4926,3,81,0,5.2297
3,2.7083,0.8051,0.0000,1.3179,3,58,0,6.1137
4,2.7134,0.7954,0.0000,1.3179,3,60,0,5.8519
5,3.1254,1.0624,0.0000,1.3953,4,52,0,5.7172
6,3.1254,1.1032,0.0000,0.1415,4,68,0,5.5430
7,3.1254,1.3047,0.0000,0.2033,4,53,0,5.9322
8,3.1254,1.3107,0.0000,0.1421,4,68,0,5.5445
9,3.3223,1.3509,0.0000,0.3216,7,66,0,5.8911
10,3.3223,1.6685,0.0000,2.7240,7,45,0,6.1995
11,3.3223,1.8243,0.0000,3.1024,7,34,0,6.4414
12,3.3223,1.8612,0.0000,3.1195,7,36,0,6.2727
13,3.8030,1.9147,0.0000,3.1389,8,38,0,6.5975
14,3.8030,1.9717,0.0000,3.2003,8,25,0,6.9048
15,3.8030,1.9313,-0.0014,3.1495,8,24,0,6.7852
16,3.8999,2.0005,0.0000,3.1283,14,26,0,6.5021
17,3.8999,2.0007,0.0000,2.8785,14,23,0,6.7626
18,3.8999,2.1608,0.0000,3.3335,14,25,0,6.7398
19,4.3366,2.0612,0.0000,2.9239,16,17,0,7.0768
20,4.4268,2.2583,0.0022,3.1810,6,12,0,7.2396
21,4.4567,2.4962,0.0000,3.7030,17,14,0,7.7022
22,4.5282,2.6712,0.0000,3.8931,17,11,0,7.7965
23,4.5282,2.6638,0.0000,3.9727,17,18,0,7.9484
24,5.4811,2.8437,0.0000,4.3366,14,9,0,8.6505
25,5.6184,3.0799,0.0000,4.4315,21,10,0,8.3507
26,5.6184,2.9523,0.0000,4.4567,21,25,0,8.6548
27,5.6184,3.0666,0.0000,4.4951,21,19,0,8.5486
28,5.6198,3.1063,0.0043,4.5282,14,33,0,7.9423
29,5.6429,3.1357,0.0000,5.1312,17,38,0,7.6003
30,5.6453,3.6542,0.0000,5.2709,20,30,0,8.5948
31,5.7976,4.0864,0.0000,5.5820,24,25,0,8.7324
32,5.7976,4.0152,0.0000,5.6184,24,24,0,8.5294
33,5.7989,4.0187,0.0000,5.6245,24,31,0,8.6408
34,5.9334,3.9333,0.0009,5.6456,24,21,0,9.7033
35,5.9334,3.8654,0.0000,5.6626,24,30,0,8.9868
36,5.9334,4.0412,-0.0084,5.6811,24,34,0,8.7709
37,5.9414,4.0233,0.0000,5.7976,24,27,0,10.3857
38,6.3718,3.9988,0.0000,5.8125,24,18,0,9.7648
39,6.3718,4.5290,0.0025,5.9334,24,7,0,10.0679
40,6.3718,4.3566,-0.0102,5.9334,24,13,0,10.0346
41,6.3943,4.1882,0.0000,5.9365,18,21,0,9.7864
42,6.3943,5.0223,0.0072,6.3718,18,4,0,10.1390
43,6.3943,4.9134,0.0023,6.3718,18,10,0,9.7989
44,6.3943,4.1990,0.0032,6.3632,18,16,0,9.3377
45,6.3959,4.4863,0.0018,6.3793,19,15,0,9.5137
46,6.4043,4.3045,0.0185,6.3812,18,2,0,10.1269
47,6.4043,4.3545,0.0001,6.3829,18,8,0,9.9259
48,6.4055,4.1333,0.0001,6.3632,19,7,0,9.1808
49,6.4200,4.2186,0.0001,6.3890,18,8,0,9.7055
