generacion,mejor_A,media_A,mediana_A,mejor_B,media_B,mediana_B,campeon_A_vs_B,piezas_A,piezas_B,tocan_A,tocan_B,segundos
0,0.0883,-0.0431,-0.0311,0.1830,-0.0352,-0.0205,0.0210,9,9,0,0,31.9601
1,0.0565,-0.1874,-0.1888,0.1075,-0.2158,-0.2300,-0.2135,9,4,0,0,31.1669
2,0.1550,-0.2256,-0.2329,0.1503,-0.0633,-0.0348,-0.0745,13,7,0,0,28.3820
3,-0.0131,-0.2308,-0.2391,0.3287,-0.0034,0.0497,-0.1512,11,8,0,1,35.4508
4,-0.1512,-0.4092,-0.3895,0.5059,-0.0619,-0.0621,-0.1809,11,8,0,8,35.4368
5,-0.0720,-0.2479,-0.2466,0.7972,0.0505,0.1060,-0.4528,12,8,0,22,35.0513
6,-0.3662,-0.5532,-0.5360,0.8976,0.1260,0.1558,-0.3662,14,8,0,26,35.6059
7,-0.3662,-0.5296,-0.5117,0.7868,0.3880,0.5334,-0.3662,14,8,0,61,36.4531
8,-0.3020,-0.5065,-0.4736,0.9544,0.5403,0.7593,-0.5437,12,8,0,71,35.9497
9,-0.3977,-0.5320,-0.4676,0.8868,0.4034,0.7640,-0.4870,12,8,0,56,36.1327
10,-0.1957,-0.5252,-0.4939,0.8247,0.2284,0.3437,-0.4200,12,8,0,53,35.7738
11,-0.1493,-0.4893,-0.4813,0.8958,0.3361,0.5908,-0.1493,12,8,0,66,35.4944
12,0.1097,-0.4230,-0.3977,0.6368,0.2486,0.4257,-0.3752,12,8,2,60,35.2445
13,0.1571,-0.4086,-0.3752,0.8752,0.1794,0.3821,0.1571,12,8,11,62,35.1782
14,0.2221,-0.2473,-0.1878,0.8238,0.2636,0.3444,0.0978,12,8,47,64,35.2592
15,0.2543,-0.2137,-0.2767,0.7372,0.2876,0.5698,0.4996,12,8,51,65,35.1536
16,0.4996,-0.1732,-0.2810,0.7086,0.2643,0.4297,0.2543,12,8,48,68,34.3617
17,0.4667,-0.1441,0.1592,0.8593,0.4502,0.6920,-0.2142,12,8,54,82,35.1607
18,0.1338,-0.3778,-0.4016,0.7142,0.2819,0.4839,0.1338,12,8,9,76,35.2549
19,0.1338,-0.2378,-0.2142,0.8760,0.2866,0.4065,-0.5640,12,8,48,73,35.4161
20,0.3863,-0.4896,-0.4849,0.9629,0.4478,0.6458,0.3530,12,8,12,78,34.4438
21,0.3778,-0.2404,-0.4058,0.6257,0.3007,0.4354,-0.3652,12,8,46,80,34.6977
22,0.4242,-0.1442,-0.0386,0.6720,0.3044,0.4550,-0.3564,12,8,43,83,35.3111
23,0.5184,-0.2224,0.0248,0.8205,0.1159,0.2865,0.2811,12,8,61,71,34.4411
24,0.4196,-0.0759,0.1443,0.6787,0.2680,0.4387,0.6571,12,8,63,79,35.0182
25,0.6601,0.1089,0.3657,0.6859,0.2186,0.4619,0.4295,12,8,63,74,36.1119
26,0.4539,-0.0748,0.2346,0.6072,0.2530,0.4795,0.3340,12,8,60,76,35.5077
27,0.4612,-0.0106,0.3386,0.6844,0.2242,0.5265,0.4998,12,8,65,70,35.6814
28,0.5042,-0.0716,0.2127,0.8032,0.3086,0.4587,-0.3124,12,12,65,84,35.8510
29,0.1249,-0.4376,-0.4354,0.7982,0.2411,0.5155,0.2344,12,12,33,67,38.8412
30,0.2931,-0.1293,0.1667,0.7165,0.1418,0.4528,-0.3005,12,12,60,56,39.5342
31,0.4193,-0.4075,-0.3770,0.8473,0.1716,0.4946,-0.3935,12,12,1,60,39.8063
32,0.3948,-0.5006,-0.4314,0.8751,0.1445,0.4479,0.3948,12,12,2,59,39.2406
33,0.3948,-0.2007,-0.3935,0.8721,0.2316,0.5138,-0.3899,12,12,37,60,39.3573
34,-0.3457,-0.5153,-0.3971,0.8959,0.1563,-0.1394,-0.3813,12,12,0,48,40.1287
35,-0.2612,-0.4943,-0.4214,0.8457,0.2182,0.5480,-0.3788,12,12,0,58,40.7104
36,-0.1873,-0.5228,-0.4616,0.6985,0.1749,0.5138,0.1818,12,12,1,54,39.6956
37,0.3483,-0.1317,0.0784,0.8745,0.3041,0.6497,-0.2257,12,12,59,66,40.2643
38,0.3847,-0.4087,-0.4811,0.7635,0.2260,0.4292,-0.2365,12,12,8,67,39.9200
39,-0.2365,-0.4320,-0.3966,0.8591,0.2445,0.2794,-0.3591,12,12,0,52,39.4188
40,0.1052,-0.5166,-0.5058,0.8744,0.3136,0.6360,0.2328,12,12,1,55,39.2273
41,0.3704,-0.2344,-0.3470,0.8554,0.1671,0.3115,-0.3976,12,12,51,55,39.8729
42,-0.3191,-0.5531,-0.4904,0.8839,0.2954,0.5060,0.1480,12,12,0,58,39.8983
43,0.1918,-0.4292,-0.5011,0.8046,0.2918,0.6721,0.1944,12,12,47,63,40.1912
44,0.3730,-0.2037,-0.3096,0.8533,0.2697,0.4754,-0.3771,12,12,49,58,40.0672
45,-0.3509,-0.5661,-0.5790,0.7247,0.1589,-0.1206,0.1255,13,12,0,53,40.0834
46,0.2604,-0.3290,-0.3900,0.8036,0.2510,0.4407,0.2604,13,12,55,58,42.5874
47,0.2604,-0.2627,-0.4331,0.7480,0.3057,0.6708,-0.4347,13,12,46,61,40.5835
48,0.3386,-0.4287,-0.4347,0.7866,0.3602,0.7264,-0.3550,12,12,52,65,39.8478
49,0.2119,-0.4166,-0.4796,0.7934,0.3207,0.6446,-0.3103,13,12,16,60,39.0934
